agency_id,agency_name,destination_type,service_areas,routing_rule,official_channel_url,supporting_faq_ids,last_verified,referral_status_flow,handoff_rule
HDB,Housing & Development Board,agency_or_service,housing,Suggest this destination only when the issue matches these service areas; cite the matching FAQ or current official source. Clarify missing facts before routing.,https://ask.gov.sg/hdb/questions/clxsp9q6w001tdf0etsvot7ab,FAQ-001;FAQ-002,2026-09-29,suggested → reviewed → referral_prepared → submitted_by_human → acknowledged,Do not send automatically. Only record submission after a volunteer confirms the official channel and records evidence/reference.
MSF,Ministry of Social and Family Development / Social Service Office,agency_or_service,financial_support,Suggest this destination only when the issue matches these service areas; cite the matching FAQ or current official source. Clarify missing facts before routing.,https://ask.gov.sg/msf/questions/cls1lenhf00lsjzsgm0r5ahon,FAQ-003;FAQ-004,2026-09-29,suggested → reviewed → referral_prepared → submitted_by_human → acknowledged,Do not send automatically. Only record submission after a volunteer confirms the official channel and records evidence/reference.
SWDA,Skills and Workforce Development Agency,agency_or_service,employment,Suggest this destination only when the issue matches these service areas; cite the matching FAQ or current official source. Clarify missing facts before routing.,https://www.gov.sg/features/jobs-and-upskilling/skilling-and-reskilling-resources/,FAQ-005;FAQ-006,2026-09-29,suggested → reviewed → referral_prepared → submitted_by_human → acknowledged,Do not send automatically. Only record submission after a volunteer confirms the official channel and records evidence/reference.
CPF,Central Provident Fund Board,agency_or_service,cpf,Suggest this destination only when the issue matches these service areas; cite the matching FAQ or current official source. Clarify missing facts before routing.,https://www.cpf.gov.sg/service/article/how-can-i-make-a-cpf-nomination,FAQ-007;FAQ-008,2026-09-29,suggested → reviewed → referral_prepared → submitted_by_human → acknowledged,Do not send automatically. Only record submission after a volunteer confirms the official channel and records evidence/reference.
ICA,Immigration & Checkpoints Authority,agency_or_service,identity_and_immigration,Suggest this destination only when the issue matches these service areas; cite the matching FAQ or current official source. Clarify missing facts before routing.,https://www.ica.gov.sg/documents/passport/apply,FAQ-009;FAQ-010;FAQ-011,2026-09-29,suggested → reviewed → referral_prepared → submitted_by_human → acknowledged,Do not send automatically. Only record submission after a volunteer confirms the official channel and records evidence/reference.
IRAS,Inland Revenue Authority of Singapore,agency_or_service,tax,Suggest this destination only when the issue matches these service areas; cite the matching FAQ or current official source. Clarify missing facts before routing.,https://www.iras.gov.sg/contact-us/individual-income-tax,FAQ-012;FAQ-013,2026-09-29,suggested → reviewed → referral_prepared → submitted_by_human → acknowledged,Do not send automatically. Only record submission after a volunteer confirms the official channel and records evidence/reference.
LTA,Land Transport Authority,agency_or_service,transport,Suggest this destination only when the issue matches these service areas; cite the matching FAQ or current official source. Clarify missing facts before routing.,https://onemotoring.lta.gov.sg/content/onemotoring/home/owning/ongoing-car-costs/road-tax.html,FAQ-014;FAQ-015,2026-09-29,suggested → reviewed → referral_prepared → submitted_by_human → acknowledged,Do not send automatically. Only record submission after a volunteer confirms the official channel and records evidence/reference.
MOE,Ministry of Education / relevant school,agency_or_service,education,Suggest this destination only when the issue matches these service areas; cite the matching FAQ or current official source. Clarify missing facts before routing.,https://www.moe.gov.sg/financial-matters/-/media/files/financial-matters/moe-fas-application-form.pdf,FAQ-016;FAQ-017,2026-09-29,suggested → reviewed → referral_prepared → submitted_by_human → acknowledged,Do not send automatically. Only record submission after a volunteer confirms the official channel and records evidence/reference.
ECDA,Early Childhood Development Agency / preschool,agency_or_service,preschool,Suggest this destination only when the issue matches these service areas; cite the matching FAQ or current official source. Clarify missing facts before routing.,https://ask.gov.sg/ecda/questions/cm4mgs6u900qkptnr0k5yuj7o,FAQ-018;FAQ-019,2026-09-29,suggested → reviewed → referral_prepared → submitted_by_human → acknowledged,Do not send automatically. Only record submission after a volunteer confirms the official channel and records evidence/reference.
MSO,Municipal Services Office — OneService,municipal_routing_channel,municipal,Use OneService for municipal reporting when the responsible agency or Town Council is not established; location and issue details determine the final owner.,https://www.oneservice.gov.sg/oschatbot-faqs/,FAQ-020;FAQ-021,2026-09-29,suggested → reviewed → referral_prepared → submitted_by_human → acknowledged,Do not send automatically. Only record submission after a volunteer confirms the official channel and records evidence/reference.
NEA,National Environment Agency,agency_or_service,environment,Suggest this destination only when the issue matches these service areas; cite the matching FAQ or current official source. Clarify missing facts before routing.,https://www.nea.gov.sg/corporate-functions/Contact-Us,FAQ-022,2026-09-29,suggested → reviewed → referral_prepared → submitted_by_human → acknowledged,Do not send automatically. Only record submission after a volunteer confirms the official channel and records evidence/reference.
SPF,Singapore Police Force,agency_or_service,police,Suggest this destination only when the issue matches these service areas; cite the matching FAQ or current official source. Clarify missing facts before routing.,https://www.police.gov.sg/E-Services/Lodge-Police-Report,FAQ-023;FAQ-024,2026-09-29,suggested → reviewed → referral_prepared → submitted_by_human → acknowledged,Do not send automatically. Only record submission after a volunteer confirms the official channel and records evidence/reference.
TADM,Tripartite Alliance for Dispute Management,dispute_resolution_body,salary_dispute,Suggest this destination only when the issue matches these service areas; cite the matching FAQ or current official source. Clarify missing facts before routing.,https://www.mom.gov.sg/employment-practices/salary/paying-salary,FAQ-025;FAQ-026,2026-09-29,suggested → reviewed → referral_prepared → submitted_by_human → acknowledged,Do not send automatically. Only record submission after a volunteer confirms the official channel and records evidence/reference.
MOH_CHAS,MOH — CHAS service,agency_or_service,healthcare_support,Suggest this destination only when the issue matches these service areas; cite the matching FAQ or current official source. Clarify missing facts before routing.,https://www.chas.sg/FAQ,FAQ-027;FAQ-028,2026-09-29,suggested → reviewed → referral_prepared → submitted_by_human → acknowledged,Do not send automatically. Only record submission after a volunteer confirms the official channel and records evidence/reference.
ACRA,Accounting and Corporate Regulatory Authority,agency_or_service,business,Suggest this destination only when the issue matches these service areas; cite the matching FAQ or current official source. Clarify missing facts before routing.,https://www.acra.gov.sg/docs/default-source/default-document-library/about-bizfile/bizfile-guide/bizfile-guide_registering-a-new-business-entity_sp_web-1.pdf,FAQ-029,2026-09-29,suggested → reviewed → referral_prepared → submitted_by_human → acknowledged,Do not send automatically. Only record submission after a volunteer confirms the official channel and records evidence/reference.
GOVTECH,GovTech — Singpass,agency_or_service,digital_identity,Suggest this destination only when the issue matches these service areas; cite the matching FAQ or current official source. Clarify missing facts before routing.,https://ask.gov.sg/singpass/questions/cm4s6fouy0056wkvpewin7oiw,FAQ-030;FAQ-031,2026-09-29,suggested → reviewed → referral_prepared → submitted_by_human → acknowledged,Do not send automatically. Only record submission after a volunteer confirms the official channel and records evidence/reference.
MP_OFFICE,Relevant MP constituency office,constituency_office,session_information,Ask for the constituency and look up its published office details; do not treat the office as the agency deciding an application.,https://www.parliament.gov.sg/mps/list-of-current-mps,FAQ-032,2026-09-29,suggested → reviewed → referral_prepared → submitted_by_human → acknowledged,Do not send automatically. Only record submission after a volunteer confirms the official channel and records evidence/reference.
UNASSIGNED,Volunteer triage — destination not yet known,internal_review,unclear;multiple_issues;follow_up,Ask a clarification question or look up the earlier case; do not invent an agency. Separate distinct concerns and suggest a destination for each.,,,2026-09-29,needs_clarification,Internal review only; no external referral is implied.
