record_id,topic,question,answer,team_id
KB01,Account access,How do I reset my password?,Use Forgot password on the sign-in page. If the reset email does not arrive check spam. If still blocked contact Account Support. Never share passwords or one-time codes.,ACCOUNT
KB02,Account access,How do I change my email address?,Go to Profile then Contact details. Confirm the new address using the verification email. If the old address is inaccessible contact Account Support.,ACCOUNT
KB03,Billing,Where can I find an invoice?,Open Billing then Invoices. Select the invoice and choose Download.,BILLING
KB04,Billing,I was charged twice.,Ask for the invoice or order reference and transaction dates. Billing must investigate before a refund can be confirmed. Do not request full card details.,BILLING
KB05,Bookings,Can I reschedule a booking?,Open My bookings and choose Change date. Self-service changes are available more than 24 hours before the booking. For later changes contact Booking Support. Availability must be checked.,BOOKINGS
KB06,Bookings,Can I cancel a booking?,Open My bookings and choose Cancel. Cancellation at least 48 hours before the booking is eligible for a refund review. Later requests go to Booking Support. Do not promise a refund before review.,BOOKINGS
KB07,Technical issues,The app will not load.,Refresh the page and try the latest version of a supported browser. If the problem continues record the error message time and browser version for Technical Support.,TECH
KB08,Technical issues,An upload keeps failing.,Supported attachments are PDF JPG and PNG with a 10 MB limit per file. Check file type and size. If the upload still fails send the error message to Technical Support.,TECH
KB09,Complaints,How do I make a complaint?,Record a short description any existing case reference and the outcome requested. A Customer Care officer reviews the complaint. No resolution deadline is supplied.,CARE
KB10,General,What are the support hours?,Support operates Monday to Friday from 9 am to 6 pm excluding public holidays. Requests outside those hours enter the next support queue.,CARE
