faq_id,service_area,agency_id,question,answer_summary,source_title,source_url,last_verified,refresh_rule,tags
FAQ-001,housing,HDB,How do I start an HDB Flat Eligibility application?,"Use the HDB Flat Portal with Singpass. Complete the preliminary eligibility check, then the HFE application, including the required applicants, occupiers and supporting documents. Check the linked page for the current sequence and deadlines.",HDB: How do I apply for an HFE letter?,https://ask.gov.sg/hdb/questions/clxsp9q6w001tdf0etsvot7ab,2026-09-29,"Recheck source before giving time-sensitive rules, deadlines, fees or personalised guidance.",housing;HFE;application
FAQ-002,housing,HDB,When should I obtain an HFE letter for a resale purchase?,HDB says a valid HFE letter is needed before obtaining an Option to Purchase from the seller and when submitting the resale application. Check the current HDB page before acting.,HDB: When do I need to have an HFE letter?,https://ask.gov.sg/hdb/questions/clxsp9q6v001pdf0efm1rtaxl,2026-09-29,"Recheck source before giving time-sensitive rules, deadlines, fees or personalised guidance.",housing;resale;HFE
FAQ-003,financial_support,MSF,Where can I apply for ComCare assistance?,"Apply through SupportGoWhere, or approach a Social Service Office for help with an in-person application. The SSO assesses the household circumstances; the workshop tool cannot decide entitlement.",MSF: How do I apply for ComCare SMTA?,https://ask.gov.sg/msf/questions/cls1lenhf00lsjzsgm0r5ahon,2026-09-29,"Recheck source before giving time-sensitive rules, deadlines, fees or personalised guidance.",financial_support;ComCare;SSO
FAQ-004,financial_support,MSF,How do I find an SSO near me?,Use the SSO directory linked from the MSF FAQ to locate an office near your residence. SSOs assess support needs and can connect residents with relevant community assistance.,MSF: Where can I find the nearest Social Service Offices?,https://ask.gov.sg/msf/questions/cls1lenhc00khjzsgqtyupbsc,2026-09-29,"Recheck source before giving time-sensitive rules, deadlines, fees or personalised guidance.",financial_support;SSO;location
FAQ-005,employment,SWDA,Where can I start looking for career guidance?,The government jobs-and-upskilling resource page links to SWDA career guidance and training resources. Use the current links to find a suitable service and confirm its scope.,gov.sg: Skilling & Reskilling Resources,https://www.gov.sg/features/jobs-and-upskilling/skilling-and-reskilling-resources/,2026-09-29,"Recheck source before giving time-sensitive rules, deadlines, fees or personalised guidance.",employment;career_guidance;reskilling
FAQ-006,employment,SWDA,Can I get help deciding which skills to develop?,The official advisory-services guide describes options ranging from introductory SkillsFuture Advice workshops to more personalised career and skills guidance. Review the current options before selecting a service.,MySkillsFuture: SWDA advisory services,https://www.myskillsfuture.gov.sg/content/portal/en/career-resources/career-resources/education-career-personal-development/advisory-services.html,2026-09-29,"Recheck source before giving time-sensitive rules, deadlines, fees or personalised guidance.",employment;skills;career_guidance
FAQ-007,cpf,CPF,Can I make a CPF nomination online?,CPF Board provides online nomination through its digital services using Singpass. Prepare the required nominee and witness details and follow the current official instructions.,CPF Board: How can I make a CPF nomination?,https://www.cpf.gov.sg/service/article/how-can-i-make-a-cpf-nomination,2026-09-29,"Recheck source before giving time-sensitive rules, deadlines, fees or personalised guidance.",cpf;nomination;online
FAQ-008,cpf,CPF,Where can I get help making a CPF nomination?,The CPF FAQ lists ServiceSG assistance for online nominations and appointment-based assistance at CPF Service Centres. Check the current appointment and document requirements before visiting.,CPF Board: How can I make a CPF nomination?,https://www.cpf.gov.sg/service/article/how-can-i-make-a-cpf-nomination,2026-09-29,"Recheck source before giving time-sensitive rules, deadlines, fees or personalised guidance.",cpf;nomination;assisted_service
FAQ-009,identity_and_immigration,ICA,Where can I apply for a Singapore passport?,ICA provides a passport application e-service using Singpass. Follow the official passport page for the applicable application procedure and required photograph or documents.,ICA: Apply for Passport,https://www.ica.gov.sg/documents/passport/apply,2026-09-29,"Recheck source before giving time-sensitive rules, deadlines, fees or personalised guidance.",passport;application;identity
FAQ-010,identity_and_immigration,ICA,How do I update the residential address on my IC?,"Use ICA’s change-of-address e-service with Singpass. Follow the verification instructions, including the mailer sent to the new address, and check current reporting deadlines.",ICA: Change of Residential Address on Identity Card,https://www.ica.gov.sg/documents/ic/update_residential_address,2026-09-29,"Recheck source before giving time-sensitive rules, deadlines, fees or personalised guidance.",identity;address;moving_home
FAQ-011,identity_and_immigration,ICA,Can this tool check my ICA application status?,The workshop tool has no access to private ICA application records. Use ICA’s official status page or MyICA and complete any required sign-in yourself.,ICA: Check Status/Make Appointment,https://www.ica.gov.sg/check-status-make-appointment,2026-09-29,"Recheck source before giving time-sensitive rules, deadlines, fees or personalised guidance.",passport;immigration;application_status
FAQ-012,tax,IRAS,How do I manage income-tax GIRO payments?,"IRAS lists an Apply/Manage GIRO Plan digital service for applying, editing or reactivating an income-tax GIRO plan. Use the official service directly; do not share banking credentials with the workshop tool.",IRAS: Individual Income Tax contact and digital services,https://www.iras.gov.sg/contact-us/individual-income-tax,2026-09-29,"Recheck source before giving time-sensitive rules, deadlines, fees or personalised guidance.",tax;GIRO;payments
FAQ-013,tax,IRAS,What if I disagree with my individual income-tax bill?,Refer to IRAS’s amendment and objection guidance promptly and check the applicable deadline. Disputing an assessment does not automatically suspend the payment obligation.,IRAS: Making changes after filing/receiving tax bill,https://www.iras.gov.sg/taxes/individual-income-tax/basics-of-individual-income-tax/understanding-my-income-tax-filing/making-changes-after-filing-receiving-tax-bill,2026-09-29,"Recheck source before giving time-sensitive rules, deadlines, fees or personalised guidance.",tax;assessment;objection
FAQ-014,transport,LTA,What should I check before renewing road tax?,"Review LTA’s current road-tax renewal prerequisites, including motor insurance and any applicable inspection requirements, before choosing a renewal channel.",LTA OneMotoring: Road Tax,https://onemotoring.lta.gov.sg/content/onemotoring/home/owning/ongoing-car-costs/road-tax.html,2026-09-29,"Recheck source before giving time-sensitive rules, deadlines, fees or personalised guidance.",transport;vehicle;road_tax
FAQ-015,transport,LTA,Do I need motor insurance when renewing road tax?,LTA identifies motor insurance as a prerequisite for road-tax renewal. Check the official insurance and road-tax guidance for the required coverage.,LTA OneMotoring: Insurance,https://onemotoring.lta.gov.sg/content/onemotoring/home/owning/ongoing-car-costs/insurance.html,2026-09-29,"Recheck source before giving time-sensitive rules, deadlines, fees or personalised guidance.",transport;vehicle;insurance
FAQ-016,education,MOE,Where should I submit an MOE Financial Assistance Scheme application?,Use the applicable MOE FAS application route or seek help from the child’s school. The official form includes online application guidance; the school handles the application process.,MOE Financial Assistance Scheme application form,https://www.moe.gov.sg/financial-matters/-/media/files/financial-matters/moe-fas-application-form.pdf,2026-09-29,"Recheck source before giving time-sensitive rules, deadlines, fees or personalised guidance.",education;school;financial_assistance
FAQ-017,education,MOE,Do I need separate FAS forms for children in different government schools?,The MOE FAS form says one application can be submitted to any one child’s school when the children attend different government or government-aided schools. Check the current form and school guidance.,MOE Financial Assistance Scheme application form,https://www.moe.gov.sg/financial-matters/-/media/files/financial-matters/moe-fas-application-form.pdf,2026-09-29,"Recheck source before giving time-sensitive rules, deadlines, fees or personalised guidance.",education;FAS;household
FAQ-018,preschool,ECDA,How does the preschool subsidy application begin?,"After enrolment, the preschool triggers the subsidy application through LifeSG. Follow the official ECDA instructions and the application link provided through that process.",ECDA: Process for applying for preschool subsidies,https://ask.gov.sg/ecda/questions/cm4mgs6u900qkptnr0k5yuj7o,2026-09-29,"Recheck source before giving time-sensitive rules, deadlines, fees or personalised guidance.",preschool;childcare;subsidies
FAQ-019,preschool,ECDA,Who should I ask if the subsidy application email has not arrived?,ECDA advises parents to contact the preschool if the application email has not arrived within the first week of enrolment. Confirm current instructions with the linked FAQ.,ECDA: Process for applying for preschool subsidies,https://ask.gov.sg/ecda/questions/cm4mgs6u900qkptnr0k5yuj7o,2026-09-29,"Recheck source before giving time-sensitive rules, deadlines, fees or personalised guidance.",preschool;subsidies;application_email
FAQ-020,municipal,MSO,Where can I report a broken light or cleanliness problem in my neighbourhood?,"OneService provides channels for municipal feedback, including its app and chatbots. It is a routing channel for agencies or Town Councils; confirm the precise issue and location rather than guessing the asset owner.",OneService: Chatbot FAQs,https://www.oneservice.gov.sg/oschatbot-faqs/,2026-09-29,"Recheck source before giving time-sensitive rules, deadlines, fees or personalised guidance.",municipal;estate;reporting
FAQ-021,municipal,MSO,What details help with a OneService municipal report?,"The chatbot FAQ asks for a description, photo, precise location, when the issue was observed and contact details. Prepare those details for the official channel; the workshop prototype does not submit them automatically.",OneService: Chatbot FAQs,https://www.oneservice.gov.sg/oschatbot-faqs/,2026-09-29,"Recheck source before giving time-sensitive rules, deadlines, fees or personalised guidance.",municipal;location;photos;reporting
FAQ-022,environment,NEA,Where do I send an environmental enquiry?,Use NEA’s official Contact Us page to select the appropriate environmental feedback or enquiry channel. Describe the issue so the receiving team can determine whether it falls within its remit.,NEA: Contact Us,https://www.nea.gov.sg/corporate-functions/Contact-Us,2026-09-29,"Recheck source before giving time-sensitive rules, deadlines, fees or personalised guidance.",environment;feedback;enquiry
FAQ-023,police,SPF,Can I report a non-urgent theft or scam online?,SPF’s Lodge Police Report e-service covers crimes that do not require immediate police action. Use the official reporting route and its instructions for the supporting information.,Singapore Police Force: Lodge Police Report,https://www.police.gov.sg/E-Services/Lodge-Police-Report,2026-09-29,"Recheck source before giving time-sensitive rules, deadlines, fees or personalised guidance.",police;scam;non_urgent_report
FAQ-024,police,SPF,Should an incident needing immediate police action wait for an MPS referral?,No. SPF directs emergencies to 999 rather than the non-urgent online reporting service. Do not leave an immediate-danger report waiting in the volunteer review queue.,Singapore Police Force: Lodge Police Report,https://www.police.gov.sg/E-Services/Lodge-Police-Report,2026-09-29,"Recheck source before giving time-sensitive rules, deadlines, fees or personalised guidance.",police;emergency;immediate_action
FAQ-025,salary_dispute,TADM,Where can I get help with unpaid salary?,"MOM directs salary-dispute enquiries to TADM for advice and employment-related claims, with union assistance also available to union members. Check current claim procedures and deadlines promptly.",MOM: Paying salary,https://www.mom.gov.sg/employment-practices/salary/paying-salary,2026-09-29,"Recheck source before giving time-sensitive rules, deadlines, fees or personalised guidance.",employment;salary;dispute
FAQ-026,salary_dispute,TADM,Can I speak with someone about a salary claim?,"MOM’s guidance points to Ask TADM, appointments with TADM advisory officers and TADM eServices. Use those channels to clarify the next step for the specific dispute.",MOM: Paying salary,https://www.mom.gov.sg/employment-practices/salary/paying-salary,2026-09-29,"Recheck source before giving time-sensitive rules, deadlines, fees or personalised guidance.",employment;salary;advice
FAQ-027,healthcare_support,MOH_CHAS,How do I apply for a CHAS card?,"Use the CHAS application route, sign in with Singpass and verify the household information before submitting. Refer to the official guidance for circumstances requiring a hardcopy application.",CHAS: Frequently Asked Questions,https://www.chas.sg/FAQ,2026-09-29,"Recheck source before giving time-sensitive rules, deadlines, fees or personalised guidance.",healthcare;CHAS;application
FAQ-028,healthcare_support,MOH_CHAS,Can I use CHAS at every private clinic?,"CHAS applies at participating clinics, not every private clinic. Use the official clinic locator and check the clinic’s fees and applicable subsidies before the visit.",CHAS: Frequently Asked Questions,https://www.chas.sg/FAQ,2026-09-29,"Recheck source before giving time-sensitive rules, deadlines, fees or personalised guidance.",healthcare;CHAS;clinics
FAQ-029,business,ACRA,How do I register a sole proprietorship after the business name is approved?,ACRA’s Bizfile guide describes the Register new business entity service after name approval. Select the entity type matching the approved name application and follow the current registration requirements.,ACRA: Registering a new business entity — sole proprietorship/partnership,https://www.acra.gov.sg/docs/default-source/default-document-library/about-bizfile/bizfile-guide/bizfile-guide_registering-a-new-business-entity_sp_web-1.pdf,2026-09-29,"Recheck source before giving time-sensitive rules, deadlines, fees or personalised guidance.",business;registration;Bizfile
FAQ-030,digital_identity,GOVTECH,Can I still sign in if my Singpass password login is locked?,Singpass says the app can still be used for authentication when password login is locked. Follow the official password-reset process if you need to restore password login.,Singpass: Access after multiple failed login attempts,https://ask.gov.sg/singpass/questions/cm4s6fouy0056wkvpewin7oiw,2026-09-29,"Recheck source before giving time-sensitive rules, deadlines, fees or personalised guidance.",digital_identity;Singpass;locked_account
FAQ-031,digital_identity,GOVTECH,Why does an unused Singpass account require a password reset?,Singpass may mark an account dormant after a prolonged period without login. Its FAQ directs users to reset the password to reactivate it using the official process.,Singpass: Dormant account password reset,https://ask.gov.sg/singpass/questions/clul0706s001ou36bd3d6mzg0,2026-09-29,"Recheck source before giving time-sensitive rules, deadlines, fees or personalised guidance.",digital_identity;Singpass;dormant_account
FAQ-032,session_information,MP_OFFICE,How can I find the Meet-the-People Session details for my area?,"Use Parliament’s MP directory and the relevant member page to check the published session contact, location and timing. Ask for the constituency first and confirm current arrangements with the listed office.",Singapore Parliament: Current Members of Parliament,https://www.parliament.gov.sg/mps/list-of-current-mps,2026-09-29,"Recheck source before giving time-sensitive rules, deadlines, fees or personalised guidance.",MPS;constituency;session
