interaction_id,created_at,record_origin,input_mode,topic,confirmed_transcript,volunteer_summary,answer_text,citation_urls,research_status,review_queue,assigned_volunteer,status,follow_up_needed,primary_agency_id,related_agency_ids,agency_tags,routing_reason,referral_status,matched_faq_ids,answer_basis
MPS-001,2026-09-01T19:00:00+08:00,seed_fixture,synthetic_text,housing,I need help preparing an appeal about a housing decision. This is exercise case 1.,Decision details and requested outcome need clarification.,No researched answer yet; this is a fictional historical fixture.,,not_run,HOUSING,VOL-01,new,no,HDB,,HDB,Seed suggestion based on the concern category; volunteer review required.,suggested,,seed_fixture
MPS-002,2026-09-01T19:20:00+08:00,seed_fixture,synthetic_text,follow_up,I would like a volunteer to follow up on an earlier request. This is exercise case 2.,Record prior reference and last contact; agency status is unknown.,No researched answer yet; this is a fictional historical fixture.,,not_run,GENERAL,VOL-02,needs_clarification,yes,UNASSIGNED,,UNASSIGNED,Seed suggestion based on the concern category; volunteer review required.,needs_clarification,,seed_fixture
MPS-003,2026-09-01T19:40:00+08:00,seed_fixture,synthetic_text,caregiving,I am caring for a parent and want to know where to ask for practical support. This is exercise case 3.,Clarify the care-related question and existing support.,No researched answer yet; this is a fictional historical fixture.,,not_run,SOCIAL_SUPPORT,VOL-03,awaiting_research,no,MSF,,MSF,Seed suggestion based on the concern category; volunteer review required.,suggested,,seed_fixture
MPS-004,2026-09-02T19:00:00+08:00,seed_fixture,synthetic_text,employment,I recently lost work and want to learn about career support. This is exercise case 4.,Clarify the support requested and research current official options.,No researched answer yet; this is a fictional historical fixture.,,not_run,EMPLOYMENT,VOL-04,ready_for_review,no,SWDA,,SWDA,Seed suggestion based on the concern category; volunteer review required.,suggested,,seed_fixture
MPS-005,2026-09-02T19:20:00+08:00,seed_fixture,synthetic_text,municipal,A light in the common corridor has not worked for several days. This is exercise case 5.,Confirm approximate location and any earlier report reference.,No researched answer yet; this is a fictional historical fixture.,,not_run,ESTATE,VOL-01,follow_up,yes,MSO,,MSO,Seed suggestion based on the concern category; volunteer review required.,suggested,,seed_fixture
MPS-006,2026-09-02T19:40:00+08:00,seed_fixture,synthetic_text,financial_support,My household expenses have become difficult after a reduction in work hours. This is exercise case 6.,Clarify immediate needs and support already sought.,No researched answer yet; this is a fictional historical fixture.,,not_run,SOCIAL_SUPPORT,VOL-02,closed,no,MSF,,MSF,Seed suggestion based on the concern category; volunteer review required.,suggested,,seed_fixture
MPS-007,2026-09-03T19:00:00+08:00,seed_fixture,synthetic_text,housing,I need help preparing an appeal about a housing decision. This is exercise case 7.,Decision details and requested outcome need clarification.,No researched answer yet; this is a fictional historical fixture.,,not_run,HOUSING,VOL-03,new,no,HDB,,HDB,Seed suggestion based on the concern category; volunteer review required.,suggested,,seed_fixture
MPS-008,2026-09-03T19:20:00+08:00,seed_fixture,synthetic_text,follow_up,I would like a volunteer to follow up on an earlier request. This is exercise case 8.,Record prior reference and last contact; agency status is unknown.,No researched answer yet; this is a fictional historical fixture.,,not_run,GENERAL,VOL-04,needs_clarification,yes,UNASSIGNED,,UNASSIGNED,Seed suggestion based on the concern category; volunteer review required.,needs_clarification,,seed_fixture
MPS-009,2026-09-03T19:40:00+08:00,seed_fixture,synthetic_text,caregiving,I am caring for a parent and want to know where to ask for practical support. This is exercise case 9.,Clarify the care-related question and existing support.,No researched answer yet; this is a fictional historical fixture.,,not_run,SOCIAL_SUPPORT,VOL-01,awaiting_research,no,MSF,,MSF,Seed suggestion based on the concern category; volunteer review required.,suggested,,seed_fixture
MPS-010,2026-09-04T19:00:00+08:00,seed_fixture,synthetic_text,caregiving,I am caring for a parent and want to know where to ask for practical support. This is exercise case 10.,Clarify the care-related question and existing support.,No researched answer yet; this is a fictional historical fixture.,,not_run,SOCIAL_SUPPORT,VOL-02,ready_for_review,no,MSF,,MSF,Seed suggestion based on the concern category; volunteer review required.,suggested,,seed_fixture
MPS-011,2026-09-04T19:20:00+08:00,seed_fixture,synthetic_text,employment,I recently lost work and want to learn about career support. This is exercise case 11.,Clarify the support requested and research current official options.,No researched answer yet; this is a fictional historical fixture.,,not_run,EMPLOYMENT,VOL-03,follow_up,yes,SWDA,,SWDA,Seed suggestion based on the concern category; volunteer review required.,suggested,,seed_fixture
MPS-012,2026-09-04T19:40:00+08:00,seed_fixture,synthetic_text,municipal,A light in the common corridor has not worked for several days. This is exercise case 12.,Confirm approximate location and any earlier report reference.,No researched answer yet; this is a fictional historical fixture.,,not_run,ESTATE,VOL-04,closed,no,MSO,,MSO,Seed suggestion based on the concern category; volunteer review required.,suggested,,seed_fixture
MPS-013,2026-09-05T19:00:00+08:00,seed_fixture,synthetic_text,financial_support,My household expenses have become difficult after a reduction in work hours. This is exercise case 13.,Clarify immediate needs and support already sought.,No researched answer yet; this is a fictional historical fixture.,,not_run,SOCIAL_SUPPORT,VOL-01,new,no,MSF,,MSF,Seed suggestion based on the concern category; volunteer review required.,suggested,,seed_fixture
MPS-014,2026-09-05T19:20:00+08:00,seed_fixture,synthetic_text,housing,I need help preparing an appeal about a housing decision. This is exercise case 14.,Decision details and requested outcome need clarification.,No researched answer yet; this is a fictional historical fixture.,,not_run,HOUSING,VOL-02,needs_clarification,yes,HDB,,HDB,Seed suggestion based on the concern category; volunteer review required.,suggested,,seed_fixture
MPS-015,2026-09-05T19:40:00+08:00,seed_fixture,synthetic_text,follow_up,I would like a volunteer to follow up on an earlier request. This is exercise case 15.,Record prior reference and last contact; agency status is unknown.,No researched answer yet; this is a fictional historical fixture.,,not_run,GENERAL,VOL-03,awaiting_research,no,UNASSIGNED,,UNASSIGNED,Seed suggestion based on the concern category; volunteer review required.,needs_clarification,,seed_fixture
MPS-016,2026-09-06T19:00:00+08:00,seed_fixture,synthetic_text,caregiving,I am caring for a parent and want to know where to ask for practical support. This is exercise case 16.,Clarify the care-related question and existing support.,No researched answer yet; this is a fictional historical fixture.,,not_run,SOCIAL_SUPPORT,VOL-04,ready_for_review,no,MSF,,MSF,Seed suggestion based on the concern category; volunteer review required.,suggested,,seed_fixture
MPS-017,2026-09-06T19:20:00+08:00,seed_fixture,synthetic_text,employment,I recently lost work and want to learn about career support. This is exercise case 17.,Clarify the support requested and research current official options.,No researched answer yet; this is a fictional historical fixture.,,not_run,EMPLOYMENT,VOL-01,follow_up,yes,SWDA,,SWDA,Seed suggestion based on the concern category; volunteer review required.,suggested,,seed_fixture
MPS-018,2026-09-06T19:40:00+08:00,seed_fixture,synthetic_text,municipal,A light in the common corridor has not worked for several days. This is exercise case 18.,Confirm approximate location and any earlier report reference.,No researched answer yet; this is a fictional historical fixture.,,not_run,ESTATE,VOL-02,closed,no,MSO,,MSO,Seed suggestion based on the concern category; volunteer review required.,suggested,,seed_fixture
MPS-019,2026-09-07T19:00:00+08:00,seed_fixture,synthetic_text,municipal,A light in the common corridor has not worked for several days. This is exercise case 19.,Confirm approximate location and any earlier report reference.,No researched answer yet; this is a fictional historical fixture.,,not_run,ESTATE,VOL-03,new,no,MSO,,MSO,Seed suggestion based on the concern category; volunteer review required.,suggested,,seed_fixture
MPS-020,2026-09-07T19:20:00+08:00,seed_fixture,synthetic_text,financial_support,My household expenses have become difficult after a reduction in work hours. This is exercise case 20.,Clarify immediate needs and support already sought.,No researched answer yet; this is a fictional historical fixture.,,not_run,SOCIAL_SUPPORT,VOL-04,needs_clarification,yes,MSF,,MSF,Seed suggestion based on the concern category; volunteer review required.,suggested,,seed_fixture
MPS-021,2026-09-07T19:40:00+08:00,seed_fixture,synthetic_text,housing,I need help preparing an appeal about a housing decision. This is exercise case 21.,Decision details and requested outcome need clarification.,No researched answer yet; this is a fictional historical fixture.,,not_run,HOUSING,VOL-01,awaiting_research,no,HDB,,HDB,Seed suggestion based on the concern category; volunteer review required.,suggested,,seed_fixture
MPS-022,2026-09-08T19:00:00+08:00,seed_fixture,synthetic_text,follow_up,I would like a volunteer to follow up on an earlier request. This is exercise case 22.,Record prior reference and last contact; agency status is unknown.,No researched answer yet; this is a fictional historical fixture.,,not_run,GENERAL,VOL-02,ready_for_review,no,UNASSIGNED,,UNASSIGNED,Seed suggestion based on the concern category; volunteer review required.,needs_clarification,,seed_fixture
MPS-023,2026-09-08T19:20:00+08:00,seed_fixture,synthetic_text,caregiving,I am caring for a parent and want to know where to ask for practical support. This is exercise case 23.,Clarify the care-related question and existing support.,No researched answer yet; this is a fictional historical fixture.,,not_run,SOCIAL_SUPPORT,VOL-03,follow_up,yes,MSF,,MSF,Seed suggestion based on the concern category; volunteer review required.,suggested,,seed_fixture
MPS-024,2026-09-08T19:40:00+08:00,seed_fixture,synthetic_text,employment,I recently lost work and want to learn about career support. This is exercise case 24.,Clarify the support requested and research current official options.,No researched answer yet; this is a fictional historical fixture.,,not_run,EMPLOYMENT,VOL-04,closed,no,SWDA,,SWDA,Seed suggestion based on the concern category; volunteer review required.,suggested,,seed_fixture
MPS-025,2026-09-09T19:00:00+08:00,seed_fixture,synthetic_text,municipal,A light in the common corridor has not worked for several days. This is exercise case 25.,Confirm approximate location and any earlier report reference.,No researched answer yet; this is a fictional historical fixture.,,not_run,ESTATE,VOL-01,new,no,MSO,,MSO,Seed suggestion based on the concern category; volunteer review required.,suggested,,seed_fixture
MPS-026,2026-09-09T19:20:00+08:00,seed_fixture,synthetic_text,financial_support,My household expenses have become difficult after a reduction in work hours. This is exercise case 26.,Clarify immediate needs and support already sought.,No researched answer yet; this is a fictional historical fixture.,,not_run,SOCIAL_SUPPORT,VOL-02,needs_clarification,yes,MSF,,MSF,Seed suggestion based on the concern category; volunteer review required.,suggested,,seed_fixture
MPS-027,2026-09-09T19:40:00+08:00,seed_fixture,synthetic_text,housing,I need help preparing an appeal about a housing decision. This is exercise case 27.,Decision details and requested outcome need clarification.,No researched answer yet; this is a fictional historical fixture.,,not_run,HOUSING,VOL-03,awaiting_research,no,HDB,,HDB,Seed suggestion based on the concern category; volunteer review required.,suggested,,seed_fixture
MPS-028,2026-09-10T19:00:00+08:00,seed_fixture,synthetic_text,housing,I need help preparing an appeal about a housing decision. This is exercise case 28.,Decision details and requested outcome need clarification.,No researched answer yet; this is a fictional historical fixture.,,not_run,HOUSING,VOL-04,ready_for_review,no,HDB,,HDB,Seed suggestion based on the concern category; volunteer review required.,suggested,,seed_fixture
MPS-029,2026-09-10T19:20:00+08:00,seed_fixture,synthetic_text,follow_up,I would like a volunteer to follow up on an earlier request. This is exercise case 29.,Record prior reference and last contact; agency status is unknown.,No researched answer yet; this is a fictional historical fixture.,,not_run,GENERAL,VOL-01,follow_up,yes,UNASSIGNED,,UNASSIGNED,Seed suggestion based on the concern category; volunteer review required.,needs_clarification,,seed_fixture
MPS-030,2026-09-10T19:40:00+08:00,seed_fixture,synthetic_text,caregiving,I am caring for a parent and want to know where to ask for practical support. This is exercise case 30.,Clarify the care-related question and existing support.,No researched answer yet; this is a fictional historical fixture.,,not_run,SOCIAL_SUPPORT,VOL-02,closed,no,MSF,,MSF,Seed suggestion based on the concern category; volunteer review required.,suggested,,seed_fixture
MPS-031,2026-09-11T19:00:00+08:00,seed_fixture,synthetic_text,employment,I recently lost work and want to learn about career support. This is exercise case 31.,Clarify the support requested and research current official options.,No researched answer yet; this is a fictional historical fixture.,,not_run,EMPLOYMENT,VOL-03,new,no,SWDA,,SWDA,Seed suggestion based on the concern category; volunteer review required.,suggested,,seed_fixture
MPS-032,2026-09-11T19:20:00+08:00,seed_fixture,synthetic_text,municipal,A light in the common corridor has not worked for several days. This is exercise case 32.,Confirm approximate location and any earlier report reference.,No researched answer yet; this is a fictional historical fixture.,,not_run,ESTATE,VOL-04,needs_clarification,yes,MSO,,MSO,Seed suggestion based on the concern category; volunteer review required.,suggested,,seed_fixture
MPS-033,2026-09-11T19:40:00+08:00,seed_fixture,synthetic_text,financial_support,My household expenses have become difficult after a reduction in work hours. This is exercise case 33.,Clarify immediate needs and support already sought.,No researched answer yet; this is a fictional historical fixture.,,not_run,SOCIAL_SUPPORT,VOL-01,awaiting_research,no,MSF,,MSF,Seed suggestion based on the concern category; volunteer review required.,suggested,,seed_fixture
MPS-034,2026-09-12T19:00:00+08:00,seed_fixture,synthetic_text,housing,I need help preparing an appeal about a housing decision. This is exercise case 34.,Decision details and requested outcome need clarification.,No researched answer yet; this is a fictional historical fixture.,,not_run,HOUSING,VOL-02,ready_for_review,no,HDB,,HDB,Seed suggestion based on the concern category; volunteer review required.,suggested,,seed_fixture
MPS-035,2026-09-12T19:20:00+08:00,seed_fixture,synthetic_text,follow_up,I would like a volunteer to follow up on an earlier request. This is exercise case 35.,Record prior reference and last contact; agency status is unknown.,No researched answer yet; this is a fictional historical fixture.,,not_run,GENERAL,VOL-03,follow_up,yes,UNASSIGNED,,UNASSIGNED,Seed suggestion based on the concern category; volunteer review required.,needs_clarification,,seed_fixture
MPS-036,2026-09-12T19:40:00+08:00,seed_fixture,synthetic_text,caregiving,I am caring for a parent and want to know where to ask for practical support. This is exercise case 36.,Clarify the care-related question and existing support.,No researched answer yet; this is a fictional historical fixture.,,not_run,SOCIAL_SUPPORT,VOL-04,closed,no,MSF,,MSF,Seed suggestion based on the concern category; volunteer review required.,suggested,,seed_fixture
