scenario_id,test_mode,resident_words_or_action,expected_topic,guidance_ids,verification,expected_agency_ids
S01,voice,"I want to appeal a housing decision, but I am not sure how to explain my situation.",housing,MPS01,Ask which decision and the requested outcome; research relevant current guidance and prepare a reviewable summary.,HDB
S02,voice,My work hours were cut and I am struggling with household bills. What help could I ask about?,financial_support,MPS02,Clarify the need; research official support; cite sources without deciding eligibility.,MSF
S03,voice,There has been a broken light in the common corridor for several days. Who should I tell?,municipal,MPS04,Capture approximate location and duration; find the current official reporting route.,MSO
S04,voice follow-up,"I need help with housing. After the first response, add: Actually the broken light is outside my flat in the common corridor.",municipal,MPS01;MPS04,Update the confirmed concern and category after the correction; do not keep a stale housing answer.,MSO
S05,voice,I lost my job recently. Can someone help me find what support is available?,employment,MPS03,Research current official employment support and return practical next steps with citations.,SWDA
S06,voice,I care for my parent and need to understand what support services I can ask about.,caregiving,MPS05,Clarify the service needed; cite current official information and prepare questions for the volunteer.,MSF
S07,voice,Can you check if my earlier appeal was approved? My exercise reference is CASE-EXAMPLE.,follow_up,MPS08,State that private agency status is unavailable; prepare a follow-up instead of inventing approval.,UNASSIGNED
S08,voice,"My bills are overdue, and there is also a lift problem in my block.",multiple_issues,MPS02;MPS04;MPS09,"Separate topics, ask which to handle first, retain one interaction with multiple tags and calculate totals correctly.",MSF;MSO
S09,voice,It has not been settled yet. Can you help?,unclear,MPS10,Ask what issue and previous action they mean before researching or assigning a specialist queue.,UNASSIGNED
S10,recording quality,Read a concern quietly or submit a short silent recording.,unclear,MPS10,Show a recoverable transcription state; ask for correction/re-recording instead of inventing speech.,UNASSIGNED
S11,research failure,"Ask about current assistance, then simulate an unavailable search/API response.",financial_support,MPS02,Preserve the confirmed transcript; label research unavailable; provide retry and human review without invented sources.,MSF
S12,admin,"Create two new interactions, change one category and status, then filter the admin view to that topic.",admin,,"Show saved interactions after reload; recompute counts, scope the AI summary to the filter, validate cited IDs, and distinguish fixtures from new records. Filter by agency, override a suggested route and confirm that no referral is shown as submitted automatically.",
S13,voice,I want to update the address on my identity card.,identity_and_immigration,,"Retrieve the sourced ICA FAQ, show its ID/date, tag ICA and provide the official link.",ICA
S14,voice,My employer has not paid my salary. Who should I approach?,salary_dispute,,"Retrieve the MOM-sourced FAQ, distinguish source publisher MOM from referral destination TADM, and draft a reviewable referral.",TADM
